<info>
<i1>
<id> 1 </id>
<Name> John Doe </Name>
<ADDRESS>H# 38, R#3, Banani, Dhaka</ADDRESS>
<DEPARTMENT>Sales </DEPARTMENT>
<SALARY>$20000</SALARY>
</i1>
<i2>
<id> 2 </id>
<Name> Mark Zuckerberg </Name>
<ADDRESS>Flat# A/1, H# 20, R#18, Mirpur, Dhaka</ADDRESS>
<DEPARTMENT>Accounts</DEPARTMENT>
<SALARY>$12000</SALARY>
</i2>
<i3>
<id> 3 </id>
<Name> Ala Vosk </Name>
<ADDRESS>H# 38, R#3, Motijheel </ADDRESS>
<DEPARTMENT>Human Resource</DEPARTMENT>
<SALARY>$30000
</SALARY>
</i3>
</info>